Instancia,N,K,M,Agente,Colocadas_Media,Colocadas_Desviacion,Ocupadas_Media,Ocupadas_Desviacion,Tiempo_Media,Tiempo_Desviacion,Esfuerzo_Media,Esfuerzo_Desviacion
1,3,2,6,evolution,6.0,0.0,2.0,0.0,4.901209333333333,0.000823472,34066.666666666664,986.5765724632495
1,3,2,6,search,6.0,0.0,2.0,0.0,0.00040566666666666664,0.000029569,7.0,0.0
2,3,3,8,evolution,8.0,0.0,3.0,0.0,4.902890666666667,0.001396817,27733.333333333332,461.8802153517006
2,3,3,8,search,8.0,0.0,3.0,0.0,0.000471,0.000045924,9.0,0.0
3,4,2,8,evolution,8.0,0.0,2.0,0.0,4.901942333333333,0.001320714,24000.0,173.20508075688772
3,4,2,8,search,8.0,0.0,2.0,0.0,0.000868,0.000132548,9.0,0.0
4,4,3,10,evolution,10.0,0.0,3.0,0.0,4.902961666666667,0.001606979,20100.0,400.0
4,4,3,10,search,10.0,0.0,3.0,0.0,0.0009626666666666667,0.000016258,11.0,0.0
5,5,3,10,evolution,10.0,0.0,3.3333333333333335,0.5773502691896257,4.903157333333333,0.002516179,17533.333333333332,152.75252316519467
5,5,3,10,search,10.0,0.0,3.0,0.0,0.0016346666666666669,0.000021962,11.0,0.0
6,5,4,12,evolution,12.0,0.0,4.333333333333333,0.5773502691896257,4.901385666666666,0.000429336,14700.0,692.8203230275509
6,5,4,12,search,12.0,0.0,4.0,0.0,0.001934,0.000069936,13.0,0.0
