Agente,Instancia,N,K,M,Semilla,Colocadas,Ocupadas,Tiempo,Esfuerzo
search,1,3,2,6,1,6,2,0.000408,7
search,1,3,2,6,2,6,2,0.000375,7
search,1,3,2,6,3,6,2,0.000434,7
evolution,1,3,2,6,1,6,2,4.900294,33600
evolution,1,3,2,6,2,6,2,4.901444,33400
evolution,1,3,2,6,3,6,2,4.901890,35200
search,2,3,3,8,1,8,3,0.000446,9
search,2,3,3,8,2,8,3,0.000443,9
search,2,3,3,8,3,8,3,0.000524,9
evolution,2,3,3,8,1,8,3,4.903834,27200
evolution,2,3,3,8,2,8,3,4.901286,28000
evolution,2,3,3,8,3,8,3,4.903552,28000
search,3,4,2,8,1,8,2,0.000795,9
search,3,4,2,8,2,8,2,0.000788,9
search,3,4,2,8,3,8,2,0.001021,9
evolution,3,4,2,8,1,8,2,4.902508,23900
evolution,3,4,2,8,2,8,2,4.902886,23900
evolution,3,4,2,8,3,8,2,4.900433,24200
search,4,4,3,10,1,10,3,0.000950,11
search,4,4,3,10,2,10,3,0.000957,11
search,4,4,3,10,3,10,3,0.000981,11
evolution,4,4,3,10,1,10,3,4.903978,19700
evolution,4,4,3,10,2,10,3,4.901109,20100
evolution,4,4,3,10,3,10,3,4.903798,20500
search,5,5,3,10,1,10,3,0.001660,11
search,5,5,3,10,2,10,3,0.001621,11
search,5,5,3,10,3,10,3,0.001623,11
evolution,5,5,3,10,1,10,3,4.903192,17400
evolution,5,5,3,10,2,10,3,4.905656,17500
evolution,5,5,3,10,3,10,4,4.900624,17700
search,6,5,4,12,1,12,4,0.001880,13
search,6,5,4,12,2,12,4,0.002013,13
search,6,5,4,12,3,12,4,0.001909,13
evolution,6,5,4,12,1,12,4,4.901725,13900
evolution,6,5,4,12,2,12,5,4.900903,15100
evolution,6,5,4,12,3,12,4,4.901529,15100
