agente,n,k,m,seed,solution_path,colocadas,ocupadas,mayor,tiempo,esfuerzo
search,2,2,6,0,C:\Users\axlopez\Documents\IA\IA\Tarea\modulo\solution_search_N2_K2_M6_seed0.txt,6,2,32,0.000833,7
search,2,2,6,1,C:\Users\axlopez\Documents\IA\IA\Tarea\modulo\solution_search_N2_K2_M6_seed1.txt,6,2,31,0.000345,7
search,2,2,6,2,C:\Users\axlopez\Documents\IA\IA\Tarea\modulo\solution_search_N2_K2_M6_seed2.txt,6,2,33,0.000177,7
search,2,4,6,0,C:\Users\axlopez\Documents\IA\IA\Tarea\modulo\solution_search_N2_K4_M6_seed0.txt,6,4,18,0.000272,23
search,2,4,6,1,C:\Users\axlopez\Documents\IA\IA\Tarea\modulo\solution_search_N2_K4_M6_seed1.txt,6,4,13,0.000477,19
search,2,4,6,2,C:\Users\axlopez\Documents\IA\IA\Tarea\modulo\solution_search_N2_K4_M6_seed2.txt,6,3,18,0.000265,9
search,2,8,6,0,C:\Users\axlopez\Documents\IA\IA\Tarea\modulo\solution_search_N2_K8_M6_seed0.txt,4,4,8,0.000479,65
search,2,8,6,1,C:\Users\axlopez\Documents\IA\IA\Tarea\modulo\solution_search_N2_K8_M6_seed1.txt,5,4,13,0.000673,97
search,2,8,6,2,C:\Users\axlopez\Documents\IA\IA\Tarea\modulo\solution_search_N2_K8_M6_seed2.txt,4,4,10,0.000545,65
search,4,2,6,0,C:\Users\axlopez\Documents\IA\IA\Tarea\modulo\solution_search_N4_K2_M6_seed0.txt,6,2,32,0.000874,7
search,4,2,6,1,C:\Users\axlopez\Documents\IA\IA\Tarea\modulo\solution_search_N4_K2_M6_seed1.txt,6,2,31,0.000611,7
search,4,2,6,2,C:\Users\axlopez\Documents\IA\IA\Tarea\modulo\solution_search_N4_K2_M6_seed2.txt,6,2,33,0.000489,7
search,4,4,6,0,C:\Users\axlopez\Documents\IA\IA\Tarea\modulo\solution_search_N4_K4_M6_seed0.txt,6,5,14,0.00097,7
search,4,4,6,1,C:\Users\axlopez\Documents\IA\IA\Tarea\modulo\solution_search_N4_K4_M6_seed1.txt,6,3,21,0.000776,7
search,4,4,6,2,C:\Users\axlopez\Documents\IA\IA\Tarea\modulo\solution_search_N4_K4_M6_seed2.txt,6,3,18,0.000803,7
search,4,8,6,0,C:\Users\axlopez\Documents\IA\IA\Tarea\modulo\solution_search_N4_K8_M6_seed0.txt,6,6,10,0.000624,7
search,4,8,6,1,C:\Users\axlopez\Documents\IA\IA\Tarea\modulo\solution_search_N4_K8_M6_seed1.txt,6,4,21,0.000704,7
search,4,8,6,2,C:\Users\axlopez\Documents\IA\IA\Tarea\modulo\solution_search_N4_K8_M6_seed2.txt,6,6,10,0.001042,7
search,8,2,6,0,C:\Users\axlopez\Documents\IA\IA\Tarea\modulo\solution_search_N8_K2_M6_seed0.txt,6,2,32,0.004525,7
search,8,2,6,1,C:\Users\axlopez\Documents\IA\IA\Tarea\modulo\solution_search_N8_K2_M6_seed1.txt,6,2,31,0.003444,7
search,8,2,6,2,C:\Users\axlopez\Documents\IA\IA\Tarea\modulo\solution_search_N8_K2_M6_seed2.txt,6,2,33,0.004766,7
search,8,4,6,0,C:\Users\axlopez\Documents\IA\IA\Tarea\modulo\solution_search_N8_K4_M6_seed0.txt,6,5,14,0.00291,7
search,8,4,6,1,C:\Users\axlopez\Documents\IA\IA\Tarea\modulo\solution_search_N8_K4_M6_seed1.txt,6,3,21,0.003405,7
search,8,4,6,2,C:\Users\axlopez\Documents\IA\IA\Tarea\modulo\solution_search_N8_K4_M6_seed2.txt,6,3,18,0.004784,7
search,8,8,6,0,C:\Users\axlopez\Documents\IA\IA\Tarea\modulo\solution_search_N8_K8_M6_seed0.txt,6,6,10,0.002898,7
search,8,8,6,1,C:\Users\axlopez\Documents\IA\IA\Tarea\modulo\solution_search_N8_K8_M6_seed1.txt,6,4,21,0.002734,7
search,8,8,6,2,C:\Users\axlopez\Documents\IA\IA\Tarea\modulo\solution_search_N8_K8_M6_seed2.txt,6,5,12,0.004826,7
evolution,2,2,6,0,C:\Users\axlopez\Documents\IA\IA\Tarea\modulo\solution_evolution_N2_K2_M6_seed0.txt,6,2,32,2.94318,19200
evolution,2,2,6,1,C:\Users\axlopez\Documents\IA\IA\Tarea\modulo\solution_evolution_N2_K2_M6_seed1.txt,6,2,31,2.944717,20900
evolution,2,2,6,2,C:\Users\axlopez\Documents\IA\IA\Tarea\modulo\solution_evolution_N2_K2_M6_seed2.txt,6,2,33,2.941125,22000
evolution,2,4,6,0,C:\Users\axlopez\Documents\IA\IA\Tarea\modulo\solution_evolution_N2_K4_M6_seed0.txt,6,4,18,2.943584,22800
evolution,2,4,6,1,C:\Users\axlopez\Documents\IA\IA\Tarea\modulo\solution_evolution_N2_K4_M6_seed1.txt,6,3,21,2.942728,20600
evolution,2,4,6,2,C:\Users\axlopez\Documents\IA\IA\Tarea\modulo\solution_evolution_N2_K4_M6_seed2.txt,6,3,18,2.944014,21000
evolution,2,8,6,0,C:\Users\axlopez\Documents\IA\IA\Tarea\modulo\solution_evolution_N2_K8_M6_seed0.txt,4,4,8,2.942793,30200
evolution,2,8,6,1,C:\Users\axlopez\Documents\IA\IA\Tarea\modulo\solution_evolution_N2_K8_M6_seed1.txt,5,4,13,2.940904,25200
evolution,2,8,6,2,C:\Users\axlopez\Documents\IA\IA\Tarea\modulo\solution_evolution_N2_K8_M6_seed2.txt,4,4,10,2.942221,32700
evolution,4,2,6,0,C:\Users\axlopez\Documents\IA\IA\Tarea\modulo\solution_evolution_N4_K2_M6_seed0.txt,6,2,32,2.943441,16400
evolution,4,2,6,1,C:\Users\axlopez\Documents\IA\IA\Tarea\modulo\solution_evolution_N4_K2_M6_seed1.txt,6,2,31,2.942671,16900
evolution,4,2,6,2,C:\Users\axlopez\Documents\IA\IA\Tarea\modulo\solution_evolution_N4_K2_M6_seed2.txt,6,2,33,2.942453,16600
evolution,4,4,6,0,C:\Users\axlopez\Documents\IA\IA\Tarea\modulo\solution_evolution_N4_K4_M6_seed0.txt,6,4,18,2.946661,17200
evolution,4,4,6,1,C:\Users\axlopez\Documents\IA\IA\Tarea\modulo\solution_evolution_N4_K4_M6_seed1.txt,6,3,21,2.941574,16500
evolution,4,4,6,2,C:\Users\axlopez\Documents\IA\IA\Tarea\modulo\solution_evolution_N4_K4_M6_seed2.txt,6,3,18,2.94358,17400
evolution,4,8,6,0,C:\Users\axlopez\Documents\IA\IA\Tarea\modulo\solution_evolution_N4_K8_M6_seed0.txt,6,6,10,2.942211,19200
evolution,4,8,6,1,C:\Users\axlopez\Documents\IA\IA\Tarea\modulo\solution_evolution_N4_K8_M6_seed1.txt,6,4,21,2.944759,16900
evolution,4,8,6,2,C:\Users\axlopez\Documents\IA\IA\Tarea\modulo\solution_evolution_N4_K8_M6_seed2.txt,6,5,12,2.941309,18000
evolution,8,2,6,0,C:\Users\axlopez\Documents\IA\IA\Tarea\modulo\solution_evolution_N8_K2_M6_seed0.txt,6,3,17,2.945366,10100
evolution,8,2,6,1,C:\Users\axlopez\Documents\IA\IA\Tarea\modulo\solution_evolution_N8_K2_M6_seed1.txt,6,2,31,2.940279,10400
evolution,8,2,6,2,C:\Users\axlopez\Documents\IA\IA\Tarea\modulo\solution_evolution_N8_K2_M6_seed2.txt,6,3,18,2.951113,10400
evolution,8,4,6,0,C:\Users\axlopez\Documents\IA\IA\Tarea\modulo\solution_evolution_N8_K4_M6_seed0.txt,6,4,18,2.946569,10600
evolution,8,4,6,1,C:\Users\axlopez\Documents\IA\IA\Tarea\modulo\solution_evolution_N8_K4_M6_seed1.txt,6,3,21,2.95183,10100
evolution,8,4,6,2,C:\Users\axlopez\Documents\IA\IA\Tarea\modulo\solution_evolution_N8_K4_M6_seed2.txt,6,3,18,2.948061,10400
evolution,8,8,6,0,C:\Users\axlopez\Documents\IA\IA\Tarea\modulo\solution_evolution_N8_K8_M6_seed0.txt,6,6,10,2.943101,10600
evolution,8,8,6,1,C:\Users\axlopez\Documents\IA\IA\Tarea\modulo\solution_evolution_N8_K8_M6_seed1.txt,6,4,21,2.944966,10900
evolution,8,8,6,2,C:\Users\axlopez\Documents\IA\IA\Tarea\modulo\solution_evolution_N8_K8_M6_seed2.txt,6,5,12,2.942343,10800
